<?xml version="1.0" encoding="UTF-8" standalone="yes"?>
<addon id="script.Atreides.metadata" version="1.0.1" name="Atreides Metadata" provider-name="69 Death Squad">
	<requires>
		<import addon="xbmc.python" version="2.19.0"/>
	</requires>
	<extension point="xbmc.python.module" library="lib" />
	<extension point="xbmc.addon.metadata">
		<summary>Metadata for the Atreides Addon</summary>
		<description>Metadata for Atreides are maintained separately to make distribution of the the addon itself easier/faster.</description>
        <disclaimer lang="en">The author is not responsible for the use of this addon. The author is not responsible for the content found using this addon. The author does not host or own any content found within this addon.
The author is in no way affiliated with Kodi, Team Kodi, or the XBMC Foundation.
This is a Non-profit resource, organized solely for educational purposes which is protected under the Fair-Use doctrine of the Copyright Act, Specifically section 107, which does promote freedom of expression, by permitting the unlicensed use of copyright-protected works.</disclaimer>
        <license>Beerware rev. 42</license>
		<platform>all</platform>
	</extension>
</addon>
