<oregontrail>
    <swtv>
        <item>
            <title>PROFESSIONALS FOR A MASSACRE (1967)</title>
            <meta>
                <summary>Release date: December 7, 1967 (Italy) Starring- George Hilton, Edd Byrnes and George Martin Dynamite-loving ex-priest George Hilton, Edd "Kookie" Byrnes, ... </summary>
            </meta>
            <link>https://www.youtube.com/watch?v=AV82C7hmEtg</link>
            <thumbnail>https://i.ytimg.com/vi/AV82C7hmEtg/default.jpg</thumbnail>
        </item>

        <item>
            <title>DEATH RIDES A HORSE (1967)</title>
            <meta>
                <summary>Released: August 31, 1967 (Italy) Starring- Lee Van Cleef, John Phillip Law and Mario Brega As a child, Bill witnesses the murder of his family by four robbers. </summary>
            </meta>
            <link>https://www.youtube.com/watch?v=6It5ouqR40U</link>
            <thumbnail>https://i.ytimg.com/vi/6It5ouqR40U/default.jpg</thumbnail>
        </item>

        <item>
            <title>VENGEANCE (1968)</title>
            <meta>
                <summary>Released: April 19, 1968 (Italy) Starring: Richard Harrison, Claudio Camaso and Spela Rozin A man tracks down the five outlaws who murdered his brother, ... </summary>
            </meta>
            <link>https://www.youtube.com/watch?v=Ck8Or7g4jvs</link>
            <thumbnail>https://i.ytimg.com/vi/Ck8Or7g4jvs/default.jpg</thumbnail>
        </item>

        <item>
            <title>CEMETERY WITHOUT CROSSES (1969)</title>
            <meta>
                <summary>Released: January 25, 1969 (France) Starring: Michle Mercier, Robert Hossein and Guido Lollobrigida Hossien stars as a leather-clad killer, drawn into a tragic ... </summary>
            </meta>
            <link>https://www.youtube.com/watch?v=qom-VC17lAk</link>
            <thumbnail>https://i.ytimg.com/vi/qom-VC17lAk/default.jpg</thumbnail>
        </item>

        <item>
            <title>THE DESERTER (1971)</title>
            <meta>
                <summary>Released- March 25, 1971 (West Germany) Starring: Bekim Fehmiu, Richard Crenna, Chuck Connors, Ricardo Montalban, Richard Crenna, John Huston, ... </summary>
            </meta>
            <link>https://www.youtube.com/watch?v=3TzKRqrVmZQ</link>
            <thumbnail>https://i.ytimg.com/vi/3TzKRqrVmZQ/default.jpg</thumbnail>
        </item>

        <item>
            <title>NO ROOM TO DIE (1969)</title>
            <meta>
                <summary>Released- April 18, 1969 Starring: Anthony Steffen, William Berger and Mario Brega illegal Mexican immigrants are being smuggled across the border or cheap ... </summary>
            </meta>
            <link>https://www.youtube.com/watch?v=LrzNGB_poVU</link>
            <thumbnail>https://i.ytimg.com/vi/LrzNGB_poVU/default.jpg</thumbnail>
        </item>

        <item>
            <title>FIND A PLACE TO DIE (1968)</title>
            <meta>
                <summary>Released- 1971 Starring: Jeffrey Hunter, Pascale Petit and Giovanni Pallavicino An outcast Confederate soldier redeems himself by defending a woman against ... </summary>
            </meta>
            <link>https://www.youtube.com/watch?v=1r8CtyVz8f8</link>
            <thumbnail>https://i.ytimg.com/vi/1r8CtyVz8f8/default.jpg</thumbnail>
        </item>

        <item>
            <title>VIVA DJANGO (1968)</title>
            <meta>
                <summary>Released- July 5, 1968 Starring: Terence Hill, Horst Frank and George Eastman A mysterious gunfighter named Django is employed by a local crooked political ... </summary>
            </meta>
            <link>https://www.youtube.com/watch?v=P8jblBxhQqU</link>
            <thumbnail>https://i.ytimg.com/vi/P8jblBxhQqU/default.jpg</thumbnail>
        </item>

        <item>
            <title>The American West of John Ford (1971)</title>
            <meta>
                <summary> </summary>
            </meta>
            <link>https://www.youtube.com/watch?v=wfBdQtQm_GQ</link>
            <thumbnail>https://i.ytimg.com/vi/wfBdQtQm_GQ/default.jpg</thumbnail>
        </item>
    </swtv>
</oregontrail>