<oregontrail>
    <tube>
        <dir>
            <title>Western Club - Full Length Movies</title>
            <meta>
                <summary>IMPORTANT NOTICE: All Rights Reserved. Any unauthorized copying, reproduction, hiring, lending, public performance and broadcasting is strictly prohibited. All the content on this channel is under non-exclusive license of BB Media. Please send any copyright issues to youtube@videoatoms.com for a quick response.</summary>
            </meta>
            <link>file://wc.xml</link>
            <thumbnail>https://yt3.ggpht.com/-9IyqynyehD4/AAAAAAAAAAI/AAAAAAAAAAA/YEC2r__GHAY/s800-c-k-no-mo-rj-c0xffffff/photo.jpg</thumbnail>
        </dir>

        <dir>
            <title>Western Movies and Films</title>
            <meta>
                <summary>Biggest Collection of Full Length Westerns Cowboy and John Wayne Movies and Films on Youtube...all public domain
I love Westerns, reminds me of sitting in front of the fireplace with my grandad.
My favourite western stars are John Wayne, Clint Eastwood, Steve McQueen, Charles Bronson, Roy Rogers, James Coburn, Chuck Norris, John Ford and Lee Marvin.</summary>
            </meta>
            <link>file://wmf.xml</link>
            <thumbnail>https://yt3.ggpht.com/-PUeGGgfoBtw/AAAAAAAAAAI/AAAAAAAAAAA/7j9BMYxBzBg/s800-c-k-no-mo-rj-c0xffffff/photo.jpg</thumbnail>
        </dir>

        <dir>
            <title>Wild West Toys</title>
            <meta>
                <summary>Wild West Toys is the only manufacturer of USA made cap guns . On our channel we are bringing you free full length western movies and TV shows out of our collection of public domain films . ALSO we are producing an original webcast western  Tales of the Cap Gun Kid . This channel also shows some of Wild West Toys toy cap gun commercials along with interviews with some of the western TV and movies stars that made western toys so popular. Also featured are some videos of our personal collection of vintage western toys.  Lord Willing we will be posting many other western movies and shows with commentary from some of our westerns television show and movie friends. We are dedicated to keeping this channel Family Friendly so we wont just post any westerns or videos . We do not want foul language or scenes on our channel . Thanks for viewing . Bob</summary>
            </meta>
            <link>file://wwt.xml</link>
            <thumbnail>https://yt3.ggpht.com/-Xn4vWNCDVYE/AAAAAAAAAAI/AAAAAAAAAAA/MjIiZeyCUGU/s800-c-k-no-mo-rj-c0xffffff/photo.jpg</thumbnail>
        </dir>

        <dir>
            <title>Western Library</title>
            <meta>
                <summary>Western Library</summary>
            </meta>
            <link>file://WesternLibrary.xml</link>
            <thumbnail>https://yt3.ggpht.com/-pQDY9bP1EqQ/AAAAAAAAAAI/AAAAAAAAAAA/n7RQbRdBXPA/s800-c-k-no-mo-rj-c0xffffff/photo.jpg</thumbnail>
        </dir>

        <dir>
            <title>Western Mania</title>
            <meta>
                <summary>Enjoy the adventure of the Old West. Ranchers, rustlers and horse thieves. Outlaws, gunfighters and lawmen. You'll find it all here, feature films, B-westerns and western TV series. Western Mania offers the best of classic Public Domain western movies and TV shows. Take a look at our playlists and find Feature films, John Wayne Westerns, B-Westerns, and Classic TV shows like Bonanza, Shotgun Slade, Stories of the Century and The Cisco Kid. Please subscribe to get updates about new movies and TV shows.
Western Mania is also available on Apple TV, Roku, Amazon Fire TV and Android TV
                </summary>
            </meta>
            <link>file://WesternMania.xml</link>
            <thumbnail>https://yt3.ggpht.com/-Xr84C-lRqLY/AAAAAAAAAAI/AAAAAAAAAAA/SE1-KWnNDs8/s800-c-k-no-mo-rj-c0xffffff/photo.jpg</thumbnail>
        </dir>

        <dir>
            <title>Western Mania HD</title>
            <meta>
                <summary>Western Mania HD</summary>
            </meta>
            <link>file://wmhd.xml</link>
            <thumbnail>https://yt3.ggpht.com/-NCxh2UeGQb4/AAAAAAAAAAI/AAAAAAAAAAA/HBXpMk2YYwE/s800-c-k-no-mo-rj-c0xffffff/photo.jpg</thumbnail>
        </dir>

        <dir>
            <title>Western Tv Series</title>
            <meta>
                <summary>Hi my Youtube Friends. My WesternTvSeries channel has John Wayne Westerns and episodes of classic western tv shows and classic western movies from the Internet Archive. Please like, share, comment, subscribe. These are older movies,shows, so most are in low resolution. but be thankful we can still watch these wonderful classic Westerns. Thanks for visiting my channel. Enjoy My Friends :)</summary>
            </meta>
            <link>file://WesternTvSeries.xml</link>
            <thumbnail>https://yt3.ggpht.com/-4VZmrkcU_j8/AAAAAAAAAAI/AAAAAAAAAAA/q8wqbu6c5-I/s800-c-k-no-mo-rj-c0xffffff/photo.jpg</thumbnail>
        </dir>

        <dir>
            <title>Spaghetti Western TV</title>
            <meta>
                <summary>Over 60 Spaghetti Western Movies</summary>
            </meta>
            <link>file://SpaghettiWesternTV.xml</link>
            <thumbnail>https://yt3.ggpht.com/-8sISB0fYdn8/AAAAAAAAAAI/AAAAAAAAAAA/Cjlrgh5rRa4/s800-c-k-no-mo-rj-c0xffffff/photo.jpg</thumbnail>
        </dir>

        <dir>
            <title>Westerns On The Web</title>
            <meta>
                <summary>Westerns On The Web is an Internet site for free family friendly streaming videos. Western Movies, TV shows episodes and Original Webcast Westerns. Classic Westerns full length and online to watch anytime. http://www.westernsontheweb.com. My name is Bob Terry, I am the host of Westerns On The Web. I am also the President of Westerns On the Web Productions. Westerns On The Web has a massive western film collection, including many extremely rare films we are planning to release to the public. Some of these films have never been broadcast and some have not been broadcast in 50 years or more. Along with classic western films, we produce quality original western entertainment fit for the whole family. You may also see me on Television. I provide and host western films for TV stations like the RideTV network on Dish. I have also appeared on TV series show episodes as a western film historian. Westerns On The Web only uploads films that we have the rights to! Thank Y'all so much for watching.</summary>
            </meta>
            <link>file://wotw.xml</link>
            <thumbnail>https://yt3.ggpht.com/-8InAo4LXZzI/AAAAAAAAAAI/AAAAAAAAAAA/UhaMtxxn4WI/s800-c-k-no-mo-rj-c0xffffff/photo.jpg</thumbnail>
        </dir>
    </tube>
</oregontrail>
