<oregontrail>
    <wc>
        <item>
            <title>four rode out | pernell roberts  | sue lyon | full length western movie | english | hd | 720p</title>
            <meta>
                <summary>A U.S. marshal sets out to bring in a Mexican bandit accused of killing his girlfriend's father, but it turns out that there's more to the story than there first appears to ... </summary>
            </meta>
            <link>https://www.youtube.com/watch?v=Y0g3BHO6BYs</link>
            <thumbnail>https://i.ytimg.com/vi/Y0g3BHO6BYs/default.jpg</thumbnail>
        </item>

        <item>
            <title>day of reckoning | bonanza | dan blocker | lorne greene | western | full episode | english</title>
            <meta>
                <summary>When an Indian saves Ben Cartwright's life from a near fatal knife attack by another Indian, Ben later gives the Indian and his pregnant wife a strip of fertile ... </summary>
            </meta>
            <link>https://www.youtube.com/watch?v=AI1WcrG-Bww</link>
            <thumbnail>https://i.ytimg.com/vi/AI1WcrG-Bww/default.jpg</thumbnail>
        </item>

        <item>
            <title>the last viking | bonanza | dan blocker | lorne greene | western series | full episode | english</title>
            <meta>
                <summary>Gunnar is a long-lost relative of the Cartwright family. When Gunnar arrives at the Ponderosa, the family takes him in for the evening. Gunnar is the brother to ... </summary>
            </meta>
            <link>https://www.youtube.com/watch?v=h_-jXgKWnKU</link>
            <thumbnail>https://i.ytimg.com/vi/h_-jXgKWnKU/default.jpg</thumbnail>
        </item>

        <item>
            <title>the gunmen | bonanza | dan blocker | lorne greene | western series | full episode | english</title>
            <meta>
                <summary>Hoss and Little Joe are mistaken for bloodthirsty hired killers in a small Texas town dominated by two feuding families. ---------------- Cast: Dan Blocker - Eric ... </summary>
            </meta>
            <link>https://www.youtube.com/watch?v=LBsbNiMSLbA</link>
            <thumbnail>https://i.ytimg.com/vi/LBsbNiMSLbA/default.jpg</thumbnail>
        </item>

        <item>
            <title>the spanish grant | bonanza | dan blocker | lorne greene | western series | full episode | english</title>
            <meta>
                <summary>The Cartwrights try to disprove the validity of a Spanish land grant to stop the De La Cuesta family from seizing part of the Ponderosa and all of the Carson ... </summary>
            </meta>
            <link>https://www.youtube.com/watch?v=JxHrdyQZYeM</link>
            <thumbnail>https://i.ytimg.com/vi/JxHrdyQZYeM/default.jpg</thumbnail>
        </item>

        <item>
            <title>the mill | bonanza | dan blocker | lorne greene | western series | full episode | english</title>
            <meta>
                <summary>The Cartwrights' neighbor Tom Edwards has lived as a paraplegic, ever since an accident involving Ben Cartwright and a gun. His ranch is going to waste. </summary>
            </meta>
            <link>https://www.youtube.com/watch?v=QtX62GtLzo0</link>
            <thumbnail>https://i.ytimg.com/vi/QtX62GtLzo0/default.jpg</thumbnail>
        </item>

        <item>
            <title>the ape | bonanza | dan blocker | lorne greene | western series | full episode | english</title>
            <meta>
                <summary>Hoss mentors a lonely, mentally challenged man who, with superhuman size and strength, becomes extremely dangerous when angered. These efforts are ... </summary>
            </meta>
            <link>https://www.youtube.com/watch?v=MmkQ6vMz1e4</link>
            <thumbnail>https://i.ytimg.com/vi/MmkQ6vMz1e4/default.jpg</thumbnail>
        </item>

        <item>
            <title>feet of clay | bonanza | dan blocker | lorne greene | western series | full episode | english</title>
            <meta>
                <summary>A woman dies. Her husband is in prison, and the sheriff needs someone to look after the boy until the boy's uncle can come to claim him. The Cartwrights begin ... </summary>
            </meta>
            <link>https://www.youtube.com/watch?v=ATx_AL-bGMA</link>
            <thumbnail>https://i.ytimg.com/vi/ATx_AL-bGMA/default.jpg</thumbnail>
        </item>

        <item>
            <title>desert justice | bonanza | dan blocker | lorne greene | western series | full episode | english</title>
            <meta>
                <summary>As is often the case on Bonanza, things are not always as they first seem. Hoss and Adam eventually learn who is the good guy and who is not. </summary>
            </meta>
            <link>https://www.youtube.com/watch?v=ic1AD5GlyOs</link>
            <thumbnail>https://i.ytimg.com/vi/ic1AD5GlyOs/default.jpg</thumbnail>
        </item>

        <item>
            <title>badge without honor | bonanza | dan blocker | lorne greene | western series | full episode | english</title>
            <meta>
                <summary>After a U.S. deputy marshal apparently saves Adam's life by gunning down two men who shot at him, he eventually reveals that he in town to bring a close friend ... </summary>
            </meta>
            <link>https://www.youtube.com/watch?v=MrO5Mj2jTaw</link>
            <thumbnail>https://i.ytimg.com/vi/MrO5Mj2jTaw/default.jpg</thumbnail>
        </item>

        <item>
            <title>silent thunder | bonanza | dan blocker | lorne greene | western series | full episode | english</title>
            <meta>
                <summary>Angry with the way a beautiful deaf girl is treated by her father, a sheepherder living in a remote mountain cabin, Little Joe takes it upon himself to teach her sign ... </summary>
            </meta>
            <link>https://www.youtube.com/watch?v=_6B4UK4tNSc</link>
            <thumbnail>https://i.ytimg.com/vi/_6B4UK4tNSc/default.jpg</thumbnail>
        </item>

        <item>
            <title>the deserter | richard crenna | chuck connors | full length western movie | english | hd | 720p</title>
            <meta>
                <summary>Army deserter Capt. Viktor Kaleb is offered a pardon and reinstatement in the cavalry if he agrees to lead a special forces group in a raid against an Apache ... </summary>
            </meta>
            <link>https://www.youtube.com/watch?v=JIQutHVpDb8</link>
            <thumbnail>https://i.ytimg.com/vi/JIQutHVpDb8/default.jpg</thumbnail>
        </item>

        <item>
            <title>the strangers gundown | anthony steffen | full length western movie | english | hd | 720p</title>
            <meta>
                <summary>A Union soldier survives attempted murder to take revenge on three officers who betrayed his unit in battle. ---------------- Cast: Anthony Steffen - Django Paolo ... </summary>
            </meta>
            <link>https://www.youtube.com/watch?v=Ttk7LW6_4m8</link>
            <thumbnail>https://i.ytimg.com/vi/Ttk7LW6_4m8/default.jpg</thumbnail>
        </item>

        <item>
            <title>between god, the devil, and a winchester | richard harrison | full movie | english | hd | 720p</title>
            <meta>
                <summary>A man gains access to a treasure map and persuades a guide (Juan Chasquisdo) to accompany him in his search to recover it. Both are pursued by bandits. </summary>
            </meta>
            <link>https://www.youtube.com/watch?v=RvtUt21XZSQ</link>
            <thumbnail>https://i.ytimg.com/vi/RvtUt21XZSQ/default.jpg</thumbnail>
        </item>

        <item>
            <title>the jackals | vincent price | full length western movie | english | hd | 720p</title>
            <meta>
                <summary>Bad bank robber falls in love with granddaughter of miner he and his men planned to rob of gold, has change of heart. ---------------- Vincent Price - Oupa Decker ... </summary>
            </meta>
            <link>https://www.youtube.com/watch?v=4alk0JhxDCQ</link>
            <thumbnail>https://i.ytimg.com/vi/4alk0JhxDCQ/default.jpg</thumbnail>
        </item>

        <item>
            <title>santee | glenn ford | michael burns | full length western movie | english | hd</title>
            <meta>
                <summary>A bounty hunter takes in the son of a man he killed. ---------------- Cast: Glenn Ford - Santee Michael Burns - Jody Dana Wynter - Valerie Jay Silverheels - John ... </summary>
            </meta>
            <link>https://www.youtube.com/watch?v=vbzqvgix1yk</link>
            <thumbnail>https://i.ytimg.com/vi/vbzqvgix1yk/default.jpg</thumbnail>
        </item>

        <item>
            <title>the hanged man | steve forrest | dean jagger | full length western movie | english | hd | 720p</title>
            <meta>
                <summary>A gunfighter who survives his own hanging helps a young widow who is trying to keep a ruthless land baron from taking her ranch. ---------------- Cast: Steve ... </summary>
            </meta>
            <link>https://www.youtube.com/watch?v=ZMcTLEhQlgc</link>
            <thumbnail>https://i.ytimg.com/vi/ZMcTLEhQlgc/default.jpg</thumbnail>
        </item>

        <item>
            <title>texas cyclone | tim mccoy | full length western movie | english | hd | 720p</title>
            <meta>
                <summary>Pecos Grant rides into a strange town only to find that everyone recognizes him, not as Pecos Grant, but as a presumed-dead man named Rawlins. </summary>
            </meta>
            <link>https://www.youtube.com/watch?v=_x_J9seUSFo</link>
            <thumbnail>https://i.ytimg.com/vi/_x_J9seUSFo/default.jpg</thumbnail>
        </item>

        <item>
            <title>two fisted law | full length western movie | tim mccoy | english | hd | 720p</title>
            <meta>
                <summary>After Rob Russell steals Tim Clark's ranch, Clark starts prospecting for silver. ---------------- Cast: Tim McCoy - Tim Clark Alice Day - Betty Owen Wheeler Oakman ... </summary>
            </meta>
            <link>https://www.youtube.com/watch?v=0TcX-3paU8Y</link>
            <thumbnail>https://i.ytimg.com/vi/0TcX-3paU8Y/default.jpg</thumbnail>
        </item>

        <item>
            <title>riders of destiny | full length western movie | john wayne | english | hd | 720p</title>
            <meta>
                <summary>Bad guy Kincaid controls the local water supply and plans to do in the other ranchers. Government agent Saunders shows up undercover to do in Kincaid and ... </summary>
            </meta>
            <link>https://www.youtube.com/watch?v=Qlv_UEWwIcg</link>
            <thumbnail>https://i.ytimg.com/vi/Qlv_UEWwIcg/default.jpg</thumbnail>
        </item>

        <item>
            <title>sagebrush trail | full length western movie | john wayne | english | hd | 720p</title>
            <meta>
                <summary>Imprisoned for a murder he did not commit, John Brant escapes and ends up out west where, after giving the local lawmen the slip, he joins up with an outlaw ... </summary>
            </meta>
            <link>https://www.youtube.com/watch?v=l-ppFAMZLEo</link>
            <thumbnail>https://i.ytimg.com/vi/l-ppFAMZLEo/default.jpg</thumbnail>
        </item>

        <item>
            <title>the beast that walks like a man | cimarron strip | stuart whitman | western series | full episode</title>
            <meta>
                <summary>Crown and MacGregor pursue farmer Waly Daggett, who has illegally crossed the Cimarron River to stake a claim. MacGregor discovers Daggett's mutilated ... </summary>
            </meta>
            <link>https://www.youtube.com/watch?v=HwD76IFKoow</link>
            <thumbnail>https://i.ytimg.com/vi/HwD76IFKoow/default.jpg</thumbnail>
        </item>

        <item>
            <title>big jessie | cimarron strip | stuart whitman | western tv series | full episode | english</title>
            <meta>
                <summary>Crown prepares to take Bud Baylor, who is wanted for robbery and murder, to Silver City, New Mexico. Bud tricks Dulcey into sending a cryptic message to his ... </summary>
            </meta>
            <link>https://www.youtube.com/watch?v=gndyIBY5Kqw</link>
            <thumbnail>https://i.ytimg.com/vi/gndyIBY5Kqw/default.jpg</thumbnail>
        </item>

        <item>
            <title>nobody | cimarron strip | stuart whitman | western tv series | full episode | english</title>
            <meta>
                <summary>Burke Stegman and his gang try to rob a wagon but he is arrested by Crown. However, at the trial, Judge Quayle releases him as the victims have under ... </summary>
            </meta>
            <link>https://www.youtube.com/watch?v=oLMhQmCz2fc</link>
            <thumbnail>https://i.ytimg.com/vi/oLMhQmCz2fc/default.jpg</thumbnail>
        </item>

        <item>
            <title>the greeners | cimarron strip | william boyd | western tv series | full episode | english</title>
            <meta>
                <summary>Crown kicks two drifters out of town for disturbing the saloon. The Arlyn family, led by patriarch Jared, who are "greeners" (travelers that come to Cimarron to ... </summary>
            </meta>
            <link>https://www.youtube.com/watch?v=7YJR7ct7P9A</link>
            <thumbnail>https://i.ytimg.com/vi/7YJR7ct7P9A/default.jpg</thumbnail>
        </item>

        <item>
            <title>the sound of a drum | cimarron strip | stuart whitman | western tv series | full episode | english</title>
            <meta>
                <summary>Cimarron Strip is a lavish American Western television series starring Stuart Whitman as Marshal Jim Crown. Crown and the army are having difficulty tracking ... </summary>
            </meta>
            <link>https://www.youtube.com/watch?v=ld72O3F_4vA</link>
            <thumbnail>https://i.ytimg.com/vi/ld72O3F_4vA/default.jpg</thumbnail>
        </item>

        <item>
            <title>between men | johnny mack brown | beth marion | full length western movie | english | hd | 720p</title>
            <meta>
                <summary>When his young son is shot, John Wellington kills the culprit and flees. But his son Johnny recovers and is raised by Sir George. Some twenty years later Johnny ... </summary>
            </meta>
            <link>https://www.youtube.com/watch?v=Duefkm2qoMs</link>
            <thumbnail>https://i.ytimg.com/vi/Duefkm2qoMs/default.jpg</thumbnail>
        </item>

        <item>
            <title>thunder river feud | the range busters | full length western movie | english | hd | 720p</title>
            <meta>
                <summary>Attracted by a picture of Maybelle Pembroke, the Range Busters, bantering between themselves, head for the Pembroke ranch separetely. Crash arrives posing ... </summary>
            </meta>
            <link>https://www.youtube.com/watch?v=pH2lVcb5AkA</link>
            <thumbnail>https://i.ytimg.com/vi/pH2lVcb5AkA/default.jpg</thumbnail>
        </item>

        <item>
            <title>trouble in texas | tex ritter | rita hayworth | full length western movie | english | hd | 720p</title>
            <meta>
                <summary>Rodeo stars are being killed with poisoned needles, and Tex Ritter is next on the list. ---------------- Cast: Tex Ritter White Flash Rita Hayworth - Carmen Serano ... </summary>
            </meta>
            <link>https://www.youtube.com/watch?v=t7-X7h9uhhw</link>
            <thumbnail>https://i.ytimg.com/vi/t7-X7h9uhhw/default.jpg</thumbnail>
        </item>

        <item>
            <title>below the border | buck jones | tim mccoy | full length western movie | english | hd | 720p</title>
            <meta>
                <summary>A gang of rustlers blackmails young Joe Collins into helping them, Sandy poses undercover as a janitor in the leader's saloon, and Buck impersonates a ... </summary>
            </meta>
            <link>https://www.youtube.com/watch?v=kA2-2j4smOI</link>
            <thumbnail>https://i.ytimg.com/vi/kA2-2j4smOI/default.jpg</thumbnail>
        </item>

        <item>
            <title>buckskin frontier | richard dix | jane wyatt | full length western movie | english | hd | 720p</title>
            <meta>
                <summary>A railroad man and the owner of a freight line battle for control of a crucial mountain pass. ---------------- Cast: Richard Dix - Stephen Bent Jane Wyatt - Vinnie Marr ... </summary>
            </meta>
            <link>https://www.youtube.com/watch?v=eHxuCF22dG8</link>
            <thumbnail>https://i.ytimg.com/vi/eHxuCF22dG8/default.jpg</thumbnail>
        </item>

        <item>
            <title>bells of san fernando | donald woods | gloria warren | full length western movie | en | hd | 720p</title>
            <meta>
                <summary>Mendoza ruthlessly controls the valley of San Fernando and his men guard the only entrance. When Mendoza announces he will marry Michael's girl friend ... </summary>
            </meta>
            <link>https://www.youtube.com/watch?v=CeAvvLFsY6Y</link>
            <thumbnail>https://i.ytimg.com/vi/CeAvvLFsY6Y/default.jpg</thumbnail>
        </item>

        <item>
            <title>the hard hombre | full length western movie | hoot gibson | english | hd | 720p</title>
            <meta>
                <summary>When Peaceful Patton goes to work at the Martini ranch he is mistaken for the notorious outlaw the Hard Hombre. This enables him to force the ranchers to ... </summary>
            </meta>
            <link>https://www.youtube.com/watch?v=AivCfbzpv5Y</link>
            <thumbnail>https://i.ytimg.com/vi/AivCfbzpv5Y/default.jpg</thumbnail>
        </item>

        <item>
            <title>the apache kid's escape | jack perrin | full length western movie | english | hd | 720p</title>
            <meta>
                <summary>Staying one step ahead of the law, the Apache Kid helps out a cowboy in trouble. ---------------- Cast: Jack Perrin - Jim - aka The Apache Kid Fred Church - Ted ... </summary>
            </meta>
            <link>https://www.youtube.com/watch?v=dFNJ9dkqrNs</link>
            <thumbnail>https://i.ytimg.com/vi/dFNJ9dkqrNs/default.jpg</thumbnail>
        </item>

        <item>
            <title>his name was king | lo chiamavano king | richard harrison | klaus kinski | full western movie | en</title>
            <meta>
                <summary>A bounty hunter tracks a vicious gang of gunrunners across the border into Mexico. ---------------- Cast: Richard Harrison - John 'King' Marley Klaus Kinski - Sheriff ... </summary>
            </meta>
            <link>https://www.youtube.com/watch?v=1AucZdVbgwY</link>
            <thumbnail>https://i.ytimg.com/vi/1AucZdVbgwY/default.jpg</thumbnail>
        </item>

        <item>
            <title>roaring six guns | kermit maynard | full length western movie | english | hd | 720p</title>
            <meta>
                <summary>Sinclair has a government lease on range land that is about to expire. George Ringold wants the land and hires Roberts and his men. But they turn out to be a ... </summary>
            </meta>
            <link>https://www.youtube.com/watch?v=a-FHj_59zoE</link>
            <thumbnail>https://i.ytimg.com/vi/a-FHj_59zoE/default.jpg</thumbnail>
        </item>

        <item>
            <title>roarin' guns | tim mccoy | full length western movie | english | hd | 720p</title>
            <meta>
                <summary>Evans and Walton have started a range war causing rancher Morgan to send for the reputed killer Tim Corwin. Walton then frames Tim for the murder of Morgan. </summary>
            </meta>
            <link>https://www.youtube.com/watch?v=8WtIO6yhjeM</link>
            <thumbnail>https://i.ytimg.com/vi/8WtIO6yhjeM/default.jpg</thumbnail>
        </item>

        <item>
            <title>whistling bullets | kermit maynard | full length western movie | english | hd | 720p</title>
            <meta>
                <summary>Ace Beldon is in prison, but with his stolen bonds not recovered, Capt. Saunders has an idea. He sends Graham to prison and has him and Beldon break out. </summary>
            </meta>
            <link>https://www.youtube.com/watch?v=F_h8e1zpqpc</link>
            <thumbnail>https://i.ytimg.com/vi/F_h8e1zpqpc/default.jpg</thumbnail>
        </item>

        <item>
            <title>the trail of the hawk | the hawk | bruce lane | full length western movie | english | hd | 720p</title>
            <meta>
                <summary>Jay Price's dying mother tells him his real name is Jack King and gives him a locket as proof. At the King ranch he loses the locket which is found by the foreman. </summary>
            </meta>
            <link>https://www.youtube.com/watch?v=0ACVETITIDU</link>
            <thumbnail>https://i.ytimg.com/vi/0ACVETITIDU/default.jpg</thumbnail>
        </item>

        <item>
            <title>roamin' wild | tom tyler | full length western movie | english | hd | 720p</title>
            <meta>
                <summary>Trouble has been reported in Placerville where Tom Barton's brother is the Marshal. Arriving Tom finds a phoney Marshal in his brother's place. Learning that ... </summary>
            </meta>
            <link>https://www.youtube.com/watch?v=ez4O0ty-lXw</link>
            <thumbnail>https://i.ytimg.com/vi/ez4O0ty-lXw/default.jpg</thumbnail>
        </item>

        <item>
            <title>ridin' down the canyon | roy rogers | gabby hayes | full length western movie | english | hd | 720p</title>
            <meta>
                <summary>Those who might write about this film without seeing it might also question why the government needed horses during WW II (if that is all they knew about it from ... </summary>
            </meta>
            <link>https://www.youtube.com/watch?v=3rL8BzALgws</link>
            <thumbnail>https://i.ytimg.com/vi/3rL8BzALgws/default.jpg</thumbnail>
        </item>

        <item>
            <title>cavalcade of the west | full length western movie | john wayne | english | hd | 720p</title>
            <meta>
                <summary>Two brothers are separated when young. One becomes the pony express rider Clint Knox and the other the outlaw Ace Carter. Their next meeting finds Ace ... </summary>
            </meta>
            <link>https://www.youtube.com/watch?v=-qz_gC-QE04</link>
            <thumbnail>https://i.ytimg.com/vi/-qz_gC-QE04/default.jpg</thumbnail>
        </item>

        <item>
            <title>frontier scout | george houston | full length western movie | english | hd | 720p</title>
            <meta>
                <summary>After fighting in the Civil War, Wild Bill Hickok and Whiney head west to investigate missing cattle herds. There they meet their war buddy Norris who is now in ... </summary>
            </meta>
            <link>https://www.youtube.com/watch?v=Pd8QbOJmvSQ</link>
            <thumbnail>https://i.ytimg.com/vi/Pd8QbOJmvSQ/default.jpg</thumbnail>
        </item>

        <item>
            <title>santa fe bound | tom tyler | full length western movie | english | hd | 720p</title>
            <meta>
                <summary>When Crenshaw kills a bushwhacker he takes his letter of introduction. This letter saves him from hanging when Stanton thinks he is the outlaw he has hired. </summary>
            </meta>
            <link>https://www.youtube.com/watch?v=nOyLewhd0_o</link>
            <thumbnail>https://i.ytimg.com/vi/nOyLewhd0_o/default.jpg</thumbnail>
        </item>

        <item>
            <title>new mexico | lew ayres | marilyn maxwell  |full length western movie | english | hd | 720p</title>
            <meta>
                <summary>A cavalry captain has great difficulty keeping the peace between his tyrannical colonel and an Indian chief bent on revenge. ---------------- Cast: Lew Ayres - Capt. </summary>
            </meta>
            <link>https://www.youtube.com/watch?v=RJzHYXAB_JA</link>
            <thumbnail>https://i.ytimg.com/vi/RJzHYXAB_JA/default.jpg</thumbnail>
        </item>

        <item>
            <title>clearing the range | hoot gibson | full length western movie | english | hd | 720p</title>
            <meta>
                <summary>Kildare kills Curt Fremont's brother Jim. When Curt arrives he poses as a coward in public but sneaks out unseen to become the daring El Capitan as he looks ... </summary>
            </meta>
            <link>https://www.youtube.com/watch?v=7PAszQ_yYZA</link>
            <thumbnail>https://i.ytimg.com/vi/7PAszQ_yYZA/default.jpg</thumbnail>
        </item>

        <item>
            <title>riders of the sage | full length western movie | english | hd | 720p</title>
            <meta>
                <summary>In an effort to get Jim Martin to sell his ranch, the Halsey brothers have kidnapped his son Tom. When Bob Burke goes after him alone, he gets help from the ... </summary>
            </meta>
            <link>https://www.youtube.com/watch?v=1VzcUbcZaGU</link>
            <thumbnail>https://i.ytimg.com/vi/1VzcUbcZaGU/default.jpg</thumbnail>
        </item>

        <item>
            <title>renegade girl | ann savage | full length western movie | english | hd | 720p</title>
            <meta>
                <summary>Ann Shelby, whose family is allied with the notorious William Quantrill, turns outlaw to revenge herself on a renegade Indian who killed her brother. </summary>
            </meta>
            <link>https://www.youtube.com/watch?v=d3kn2SDtUkw</link>
            <thumbnail>https://i.ytimg.com/vi/d3kn2SDtUkw/default.jpg</thumbnail>
        </item>

        <item>
            <title>take me back to oklahoma | tex ritter | bob wills | full length western movie | english |hd | 720p</title>
            <meta>
                <summary>Storm is out to wreck Ace's stage line. When Tex arrives to help Ace, Storm brings in hired killer Mule Bates. But Tex and Bates know each other and the two ... </summary>
            </meta>
            <link>https://www.youtube.com/watch?v=wG3AxEqvIqs</link>
            <thumbnail>https://i.ytimg.com/vi/wG3AxEqvIqs/default.jpg</thumbnail>
        </item>

        <item>
            <title>southward ho | full length western movie | roy rogers | english | hd | 720p</title>
            <meta>
                <summary>In post Civil War Texas a former Union officer is the government's chief law enforcement official and tax collector. Roy discovers that the man is also the head of ... </summary>
            </meta>
            <link>https://www.youtube.com/watch?v=B0iv4wFmobk</link>
            <thumbnail>https://i.ytimg.com/vi/B0iv4wFmobk/default.jpg</thumbnail>
        </item>

        <item>
            <title>feud of the range | bob steele | full length western movie | english | hd | 720p</title>
            <meta>
                <summary>In an attempt to drive out settlers of the Los Trancos valley, through which the railroad proposes to run a line, railroad representative Clyde Barton conspires with ... </summary>
            </meta>
            <link>https://www.youtube.com/watch?v=7XC9uTRzJ5w</link>
            <thumbnail>https://i.ytimg.com/vi/7XC9uTRzJ5w/default.jpg</thumbnail>
        </item>

        <item>
            <title>frontier justice | hoot gibson | full length western movie | english | hd | 720p</title>
            <meta>
                <summary>When Brent Halston returns he finds his father in an insane asylum and Wilton about to foreclose on their ranch and bring sheep onto the cattle range. </summary>
            </meta>
            <link>https://www.youtube.com/watch?v=vQZRuio1hig</link>
            <thumbnail>https://i.ytimg.com/vi/vQZRuio1hig/default.jpg</thumbnail>
        </item>

        <item>
            <title>angel and the badman | john wayne | full length western movie | 720p | hd | english</title>
            <meta>
                <summary>Notorious gunman Quirt Evans is wounded and on the run. He arrives at a Quaker farm owned by Thomas Worth and his family where he collapses from ... </summary>
            </meta>
            <link>https://www.youtube.com/watch?v=jDInQytyd_c</link>
            <thumbnail>https://i.ytimg.com/vi/jDInQytyd_c/default.jpg</thumbnail>
        </item>

        <item>
            <title>born to the west | hell town | john wayne | full length western movie | 720p | hd | english</title>
            <meta>
                <summary>Can Dare Rudd prove he is responsible enough to win the heart of Judy and also outwit the crooked saloon owner? ---------------- Cast: John Wayne - Dare Rudd ... </summary>
            </meta>
            <link>https://www.youtube.com/watch?v=rMtX5xYj7zY</link>
            <thumbnail>https://i.ytimg.com/vi/rMtX5xYj7zY/default.jpg</thumbnail>
        </item>

        <item>
            <title>the man from utah | john wayne | full length western movie | english | hd | 720p</title>
            <meta>
                <summary>In a horse-riding rodeo contest bad guys want John Weston to lose. When he doesn't go along they add some insurance: a poisoned needle just under his ... </summary>
            </meta>
            <link>https://www.youtube.com/watch?v=_cjI_O3kWBk</link>
            <thumbnail>https://i.ytimg.com/vi/_cjI_O3kWBk/default.jpg</thumbnail>
        </item>

        <item>
            <title>the trail beyond | full length western movie | john wayne | 720p | hd | english</title>
            <meta>
                <summary>Rod Drew hunts for a missing girl and finds himself in a fight over a goldmine as well. ---------------- Cast: John Wayne - Rod Drew Verna Hillie - Felice Newsome ... </summary>
            </meta>
            <link>https://www.youtube.com/watch?v=XWFwRbl-mGs</link>
            <thumbnail>https://i.ytimg.com/vi/XWFwRbl-mGs/default.jpg</thumbnail>
        </item>

        <item>
            <title>roarin' lead | robert livingston | full length western movie | english | hd | 720p</title>
            <meta>
                <summary>Hackett, the executive of the local Cattleman's association which also runs the local orphanage is using the Association police to rustle cattle and embezzle its ... </summary>
            </meta>
            <link>https://www.youtube.com/watch?v=ErsCtDedU7E</link>
            <thumbnail>https://i.ytimg.com/vi/ErsCtDedU7E/default.jpg</thumbnail>
        </item>

        <item>
            <title>below the border | the rough riders | buck jones | full length western movie | english | hd | 720p</title>
            <meta>
                <summary>A gang of rustlers blackmails young Joe Collins into helping them, Sandy poses undercover as a janitor in the leader's saloon, and Buck impersonates a ... </summary>
            </meta>
            <link>https://www.youtube.com/watch?v=QOg1DShQMKo</link>
            <thumbnail>https://i.ytimg.com/vi/QOg1DShQMKo/default.jpg</thumbnail>
        </item>

        <item>
            <title>neath the arizona skies | john wayne | full length western movie | english | hd | 720p</title>
            <meta>
                <summary>Chris Morrell, the guardian of half-Indian girl Nina, is helping her find her missing white father. so she can cash in on her late mother's oil lease. Outlaw Sam ... </summary>
            </meta>
            <link>https://www.youtube.com/watch?v=zQzG4WHccsQ</link>
            <thumbnail>https://i.ytimg.com/vi/zQzG4WHccsQ/default.jpg</thumbnail>
        </item>

        <item>
            <title>hit the saddle | robert livingston | full length western movie | english | hd | 720p</title>
            <meta>
                <summary>Greedy rancher McGowan wants to have a local wild horse sanctuary closed, so he can capture and sell them while Tucson tries to break up Stony's marriage to ... </summary>
            </meta>
            <link>https://www.youtube.com/watch?v=hg5QUN5fNnA</link>
            <thumbnail>https://i.ytimg.com/vi/hg5QUN5fNnA/default.jpg</thumbnail>
        </item>

        <item>
            <title>the three mesquiteers | robert livingston | full length western movie | 720p | hd | english</title>
            <meta>
                <summary>When a group of World War 1 buddies head west to farmstead, they run into trouble. ---------------- Cast: Robert Livingston - Stony Brooke (as Bob Livingston) Ray ... </summary>
            </meta>
            <link>https://www.youtube.com/watch?v=-ZGEjMY2jF0</link>
            <thumbnail>https://i.ytimg.com/vi/-ZGEjMY2jF0/default.jpg</thumbnail>
        </item>

        <item>
            <title>forbidden trails | the rough riders | buck jones | full length western movie | 720p | hd | english</title>
            <meta>
                <summary>When two outlaws are released from prison, they travel to Arizona to "take care of" the newly retired Marshal that put them behind bars. ---------------- Cast: Buck ... </summary>
            </meta>
            <link>https://www.youtube.com/watch?v=obrvE5o7Az4</link>
            <thumbnail>https://i.ytimg.com/vi/obrvE5o7Az4/default.jpg</thumbnail>
        </item>

        <item>
            <title>the gunman from bodie | the rough riders | buck jones | full western movie | english | hd | 720p</title>
            <meta>
                <summary>Buck poses as a wanted killer and Sandy as a cook as the trio help ranchers stop a ruthless crook from taking over the area s water rights and help an orphaned ... </summary>
            </meta>
            <link>https://www.youtube.com/watch?v=dQ8Crjpqh0g</link>
            <thumbnail>https://i.ytimg.com/vi/dQ8Crjpqh0g/default.jpg</thumbnail>
        </item>

        <item>
            <title>gunsmoke ranch | robert livingston | full length western movie | english | hd | 720p</title>
            <meta>
                <summary>Flagg is relocating flood victims to Gunsmoke Ranch. The Three Mesquiteers know Flagg to be a crook and try to warn them. They ignore the warning and ... </summary>
            </meta>
            <link>https://www.youtube.com/watch?v=9lDhlSJU4z0</link>
            <thumbnail>https://i.ytimg.com/vi/9lDhlSJU4z0/default.jpg</thumbnail>
        </item>

        <item>
            <title>ghost town gold | robert livingston | full length western movie | english | hd | 720p</title>
            <meta>
                <summary>The three Mesquiteers try to recover the gold stolen by a gang in its effort to ruin the banker/mayor who ordered them to leave town. ---------------- Cast: Robert ... </summary>
            </meta>
            <link>https://www.youtube.com/watch?v=90ycSWl3IRc</link>
            <thumbnail>https://i.ytimg.com/vi/90ycSWl3IRc/default.jpg</thumbnail>
        </item>

        <item>
            <title>arizona bound | buck jones | full length western movie | english | hd | 720p</title>
            <meta>
                <summary>The Rough Riders are called upon to help save a stagecoach line. ---------------- Cast: Buck Jones - Marshal Buck Roberts Tim McCoy - Marshal Tim McCall aka ... </summary>
            </meta>
            <link>https://www.youtube.com/watch?v=XsrmSCnN714</link>
            <thumbnail>https://i.ytimg.com/vi/XsrmSCnN714/default.jpg</thumbnail>
        </item>

        <item>
            <title>the range feud | john wayne | buck jones | full length western movie | 720p | hd | english</title>
            <meta>
                <summary>Clint Turner is arrested for the murder of his girlfriend Judy's father, a rival rancher who was an enemy of his own father. ---------------- Cast: Buck Jones - Sheriff ... </summary>
            </meta>
            <link>https://www.youtube.com/watch?v=SWapg4XHnz4</link>
            <thumbnail>https://i.ytimg.com/vi/SWapg4XHnz4/default.jpg</thumbnail>
        </item>

        <item>
            <title>blue steel | john wayne | full length western movie | english | hd | 720p</title>
            <meta>
                <summary>U.S. marshal John Carruthers observes a robbery and Sheriff Jake thinks he may be the culprit. Meanwhile the town's leading citizen is planning to rob ... </summary>
            </meta>
            <link>https://www.youtube.com/watch?v=zwK2u62P5yQ</link>
            <thumbnail>https://i.ytimg.com/vi/zwK2u62P5yQ/default.jpg</thumbnail>
        </item>

        <item>
            <title>rainbow valley | john wayne | full length western movie | english | hd | 720p</title>
            <meta>
                <summary>John Martin is a government agent working under cover. Leading citizen Morgan calls in gunman Galt who blows Martin's cover. ---------------- Cast: John Wayne ... </summary>
            </meta>
            <link>https://www.youtube.com/watch?v=N1Rg79y71h8</link>
            <thumbnail>https://i.ytimg.com/vi/N1Rg79y71h8/default.jpg</thumbnail>
        </item>

        <item>
            <title>the desert trail | full length western movie | john wayne | 720p | hd | english</title>
            <meta>
                <summary>Rodeo star John Scott and his gambler friend Kansas Charlie are wrongly accused of armed robbery. They leave town as fast as they can to go looking for their ... </summary>
            </meta>
            <link>https://www.youtube.com/watch?v=gt5sn4gCtvc</link>
            <thumbnail>https://i.ytimg.com/vi/gt5sn4gCtvc/default.jpg</thumbnail>
        </item>

        <item>
            <title>paradise canyon | john wayne | full length western movie | 720p | hd | english</title>
            <meta>
                <summary>Sent to find counterfeiters, John Wyatt joins Doc Carter's medicine show. They arrive in the town where Curly Joe runs his counterfeiting operation. Carter was ... </summary>
            </meta>
            <link>https://www.youtube.com/watch?v=NWQ03pD6SvQ</link>
            <thumbnail>https://i.ytimg.com/vi/NWQ03pD6SvQ/default.jpg</thumbnail>
        </item>

        <item>
            <title>the lucky texan | john wayne | full length western movie| english | hd | 720p</title>
            <meta>
                <summary>Jerry Mason, a young Texan, and Jake Benson, an old rancher, become partners and strike it rich with a gold mine. They then find their lives complicated by bad ... </summary>
            </meta>
            <link>https://www.youtube.com/watch?v=ZW97W4bWASc</link>
            <thumbnail>https://i.ytimg.com/vi/ZW97W4bWASc/default.jpg</thumbnail>
        </item>

        <item>
            <title>the dawn rider | john wayne | full length western movie | english | hd | 720p</title>
            <meta>
                <summary>When John Mason's father is killed, John is wounded. Attracted to his nurse Alice, a conflict arises between him and his friend Ben who plans to marry Alice. </summary>
            </meta>
            <link>https://www.youtube.com/watch?v=YNs-p9_SFEw</link>
            <thumbnail>https://i.ytimg.com/vi/YNs-p9_SFEw/default.jpg</thumbnail>
        </item>

        <item>
            <title>the lawless frontier | john wayne | full length western movie | english | hd | 720p</title>
            <meta>
                <summary>Mexican outlaw Zanti killed John Tobin's parents. John teams up with Dusty, also hurt by Zanti, to get the bad guy. ---------------- Cast: John Wayne - John Tobin ... </summary>
            </meta>
            <link>https://www.youtube.com/watch?v=3M5GmggHOBI</link>
            <thumbnail>https://i.ytimg.com/vi/3M5GmggHOBI/default.jpg</thumbnail>
        </item>

        <item>
            <title>the star packer | john wayne | full length western movie | english | hd | 720p</title>
            <meta>
                <summary>A gang working for The Shadow is terrorizing the town. John Travers decides to take on the job of sheriff and do something about it. ---------------- Cast: John ... </summary>
            </meta>
            <link>https://www.youtube.com/watch?v=WNK0huXObBU</link>
            <thumbnail>https://i.ytimg.com/vi/WNK0huXObBU/default.jpg</thumbnail>
        </item>

        <item>
            <title>cimarron strip: "without honor" - full length western movie | stuart whitman | classic | en</title>
            <meta>
                <summary>Crown tries to help Major Covington capture his son, an expert with dynamite, who has deserted the army and joined a band of murderous marauders. </summary>
            </meta>
            <link>https://www.youtube.com/watch?v=Pi0AZQgJKFA</link>
            <thumbnail>https://i.ytimg.com/vi/Pi0AZQgJKFA/default.jpg</thumbnail>
        </item>

        <item>
            <title>cimarron strip: "knife in the darkness" - full length western movie | stuart whitman | usa | en</title>
            <meta>
                <summary>Marshal Crown, during the course of an hauntingly foggy night, hunts for a killer who is butchering his victims. Francis tells crown about how police in London ... </summary>
            </meta>
            <link>https://www.youtube.com/watch?v=2Nsi4wcgtQY</link>
            <thumbnail>https://i.ytimg.com/vi/2Nsi4wcgtQY/default.jpg</thumbnail>
        </item>

        <item>
            <title>fool's gold | cimarron strip | william boyd | western tv series | full episode | english</title>
            <meta>
                <summary>Marshal Crown and his posse thwart a payroll robbery and capture or kill all the entire outlaw gang. The leader is sentenced to ten years in territorial prison, but ... </summary>
            </meta>
            <link>https://www.youtube.com/watch?v=vkxABwG1zMA</link>
            <thumbnail>https://i.ytimg.com/vi/vkxABwG1zMA/default.jpg</thumbnail>
        </item>

        <item>
            <title>cimarron strip: "the judgement" - full length western movie | stuart whitman | percy herbert | en</title>
            <meta>
                <summary>Marshal Crown "sentences" a trail boss to the position of Deputy Marshal in a nearby town to run concurrently with the hard-labor sentences his men are serving ... </summary>
            </meta>
            <link>https://www.youtube.com/watch?v=7uDQpcXbdrg</link>
            <thumbnail>https://i.ytimg.com/vi/7uDQpcXbdrg/default.jpg</thumbnail>
        </item>

        <item>
            <title>cimarron strip: "the deputy"  - full length western movie | stuart whitman | percy herbert | en</title>
            <meta>
                <summary>Marshall Crown hires a one-handed gunslinger as a deputy, not realizing the man has assumed the identity of a slain lawman and is intent on avenging himself ... </summary>
            </meta>
            <link>https://www.youtube.com/watch?v=zfaGzIhTos8</link>
            <thumbnail>https://i.ytimg.com/vi/zfaGzIhTos8/default.jpg</thumbnail>
        </item>

        <item>
            <title>cimarron strip: "the last wolf" -  full length western movie | stuart whitman | percy herbert |  en</title>
            <meta>
                <summary>When a band of wolf hunters, whose very success has put them out of business, are becoming a problem for the settlers of the Cimarron Strip. Broke and hungry ... </summary>
            </meta>
            <link>https://www.youtube.com/watch?v=E00yfb0O9Zw</link>
            <thumbnail>https://i.ytimg.com/vi/E00yfb0O9Zw/default.jpg</thumbnail>
        </item>

        <item>
            <title>cimarron strip: "journey to a hanging" - full length western movie | stuart whitman | classic | en</title>
            <meta>
                <summary>Crown leads a posse after Ace Coffin's gang. The posse is endangered by one of its members known as "Screamer" who is only interested in the bounty on ... </summary>
            </meta>
            <link>https://www.youtube.com/watch?v=Jzx79mpX2PY</link>
            <thumbnail>https://i.ytimg.com/vi/Jzx79mpX2PY/default.jpg</thumbnail>
        </item>
    </wc>
</oregontrail>
