<oregontrail>
    <westernlibrary>
        <item>
            <title>new western movies full length 2018 - most popular western movies</title>
            <meta>
                <summary>New Western Movies Full Length 2018 - Most Popular Western Movies. </summary>
            </meta>
            <link>https://www.youtube.com/watch?v=-cPqEwLbLUs</link>
            <thumbnail>https://i.ytimg.com/vi/-cPqEwLbLUs/default.jpg</thumbnail>
        </item>

        <item>
            <title>new western movies full length 2018 - hollywood greatest movie</title>
            <meta>
                <summary>New Western Movies Full Length 2018 - Hollywood Greatest Movie. </summary>
            </meta>
            <link>https://www.youtube.com/watch?v=YoPCz5wnFI4</link>
            <thumbnail>https://i.ytimg.com/vi/YoPCz5wnFI4/default.jpg</thumbnail>
        </item>

        <item>
            <title>new western movies full length 2018 - movies you should watch before 40</title>
            <meta>
                <summary>New Western Movies Full Length 2018 - Movies You Should Watch Before 40. </summary>
            </meta>
            <link>https://www.youtube.com/watch?v=3EVWsUKJ1bc</link>
            <thumbnail>https://i.ytimg.com/vi/3EVWsUKJ1bc/default.jpg</thumbnail>
        </item>

        <item>
            <title>new western movies full length 2018 - western movie not to miss of all time</title>
            <meta>
                <summary>New Western Movies Full Length 2018 - Western Movie Not To Miss Of All Time. </summary>
            </meta>
            <link>https://www.youtube.com/watch?v=lERhPpTqPEY</link>
            <thumbnail>https://i.ytimg.com/vi/lERhPpTqPEY/default.jpg</thumbnail>
        </item>

        <item>
            <title>new western movies full length 2018 - films not to miss on youtube</title>
            <meta>
                <summary>New Western Movies Full Length 2018 - Films Not To Miss On Youtube. </summary>
            </meta>
            <link>https://www.youtube.com/watch?v=BbQkpNvYNsc</link>
            <thumbnail>https://i.ytimg.com/vi/BbQkpNvYNsc/default.jpg</thumbnail>
        </item>

        <item>
            <title>new western movies full length 2018 - awesome new movies nobody told you about</title>
            <meta>
                <summary>New Western Movies Full Length 2018 - Awesome New Movies Nobody Told You About. </summary>
            </meta>
            <link>https://www.youtube.com/watch?v=kOiR2c5dwwY</link>
            <thumbnail>https://i.ytimg.com/vi/kOiR2c5dwwY/default.jpg</thumbnail>
        </item>

        <item>
            <title>new western movies full length 2018 - awesome western movies you probably forgot about</title>
            <meta>
                <summary>New Western Movies Full Length 2018 - Awesome Western Movies You Probably Forgot About. </summary>
            </meta>
            <link>https://www.youtube.com/watch?v=bOHQxevDseo</link>
            <thumbnail>https://i.ytimg.com/vi/bOHQxevDseo/default.jpg</thumbnail>
        </item>

        <item>
            <title>new western movies full length 2018 - awesome movies that you've probably never seen</title>
            <meta>
                <summary>New Western Movies Full Length 2018 - Awesome Movies That You've Probably Never Seen. </summary>
            </meta>
            <link>https://www.youtube.com/watch?v=-rMK_D-SQ9c</link>
            <thumbnail>https://i.ytimg.com/vi/-rMK_D-SQ9c/default.jpg</thumbnail>
        </item>

        <item>
            <title>new western movies full length 2018 - awesome movies you never seen</title>
            <meta>
                <summary>New Western Movies Full Length 2018 - Awesome Movies You Never Seen. </summary>
            </meta>
            <link>https://www.youtube.com/watch?v=YRHWUIsTGyY</link>
            <thumbnail>https://i.ytimg.com/vi/YRHWUIsTGyY/default.jpg</thumbnail>
        </item>

        <item>
            <title>new western movies full length 2018 - awesome movies you should watch</title>
            <meta>
                <summary>New Western Movies Full Length 2018 - Awesome Movies You Should Watch. </summary>
            </meta>
            <link>https://www.youtube.com/watch?v=MHqUEnMFIH0</link>
            <thumbnail>https://i.ytimg.com/vi/MHqUEnMFIH0/default.jpg</thumbnail>
        </item>

        <item>
            <title>new western movies full length 2018 - awesome western movies of all time</title>
            <meta>
                <summary>New Western Movies Full Length 2018 - Awesome Western Movies Of All Time. </summary>
            </meta>
            <link>https://www.youtube.com/watch?v=0XBvnQSV4Dw</link>
            <thumbnail>https://i.ytimg.com/vi/0XBvnQSV4Dw/default.jpg</thumbnail>
        </item>

        <item>
            <title>new western movies full length 2018 - awesome western movies that nobody saw in 2018</title>
            <meta>
                <summary>New Western Movies Full Length 2018 - Awesome Western Movies That Nobody Saw In 2018. </summary>
            </meta>
            <link>https://www.youtube.com/watch?v=9zHke8LA_5U</link>
            <thumbnail>https://i.ytimg.com/vi/9zHke8LA_5U/default.jpg</thumbnail>
        </item>

        <item>
            <title>new western movies full length 2018 - awesome movies to watch this summer</title>
            <meta>
                <summary>New Western Movies Full Length 2018 - Awesome Movies To Watch This Summer. </summary>
            </meta>
            <link>https://www.youtube.com/watch?v=c4Vh-n_j-o0</link>
            <thumbnail>https://i.ytimg.com/vi/c4Vh-n_j-o0/default.jpg</thumbnail>
        </item>

        <item>
            <title>new western movies full length 2018 - watch trending movies online</title>
            <meta>
                <summary>New Western Movies Full Length 2018 - Watch Trending Movies Online. </summary>
            </meta>
            <link>https://www.youtube.com/watch?v=4KUVOJbIsW8</link>
            <thumbnail>https://i.ytimg.com/vi/4KUVOJbIsW8/default.jpg</thumbnail>
        </item>

        <item>
            <title>new western movies full length 2018 - great movies no one actually saw</title>
            <meta>
                <summary>New Western Movies Full Length 2018 - Great Movies No One Actually Saw. </summary>
            </meta>
            <link>https://www.youtube.com/watch?v=x79NFK-06Tg</link>
            <thumbnail>https://i.ytimg.com/vi/x79NFK-06Tg/default.jpg</thumbnail>
        </item>

        <item>
            <title>new western movies full length 2018 - great movie one should not miss</title>
            <meta>
                <summary>New Western Movies Full Length 2018 - Great Movie One Should Not Miss. </summary>
            </meta>
            <link>https://www.youtube.com/watch?v=4P1o-wJ35ww</link>
            <thumbnail>https://i.ytimg.com/vi/4P1o-wJ35ww/default.jpg</thumbnail>
        </item>

        <item>
            <title>new western movies full length 2018 - great movie you probably missed in 2018</title>
            <meta>
                <summary>New Western Movies Full Length 2018 - Great Movie You Probably Missed in 2018. </summary>
            </meta>
            <link>https://www.youtube.com/watch?v=Hh8nEcNZIUQ</link>
            <thumbnail>https://i.ytimg.com/vi/Hh8nEcNZIUQ/default.jpg</thumbnail>
        </item>

        <item>
            <title>new western movies full length 2018 - hollywood movie not to miss</title>
            <meta>
                <summary>New Western Movies Full Length 2018 - Hollywood Movie Not To Miss. </summary>
            </meta>
            <link>https://www.youtube.com/watch?v=_IjFS0XwWLE</link>
            <thumbnail>https://i.ytimg.com/vi/_IjFS0XwWLE/default.jpg</thumbnail>
        </item>

        <item>
            <title>new western movies full length 2018 - big movie you can't miss in 2018</title>
            <meta>
                <summary>New Western Movies Full Length 2018 - Big Movie You Can't Miss in 2018. </summary>
            </meta>
            <link>https://www.youtube.com/watch?v=4X83dQAZ5wQ</link>
            <thumbnail>https://i.ytimg.com/vi/4X83dQAZ5wQ/default.jpg</thumbnail>
        </item>

        <item>
            <title>new western movies full length 2018 - hollywood movie you should not miss</title>
            <meta>
                <summary>New Western Movies Full Length 2018 - Hollywood Movie You Should Not Miss https://youtu.be/TZchi-lC9GE. </summary>
            </meta>
            <link>https://www.youtube.com/watch?v=TZchi-lC9GE</link>
            <thumbnail>https://i.ytimg.com/vi/TZchi-lC9GE/default.jpg</thumbnail>
        </item>

        <item>
            <title>new western movies full length 2018 - hollywood movie that one should never miss</title>
            <meta>
                <summary>New Western Movies Full Length 2018 - Hollywood Movie That One Should Never Miss https://youtu.be/OO3oV93F0Lg. </summary>
            </meta>
            <link>https://www.youtube.com/watch?v=OO3oV93F0Lg</link>
            <thumbnail>https://i.ytimg.com/vi/OO3oV93F0Lg/default.jpg</thumbnail>
        </item>

        <item>
            <title>new western movies full length 2018 - if you love movies western you can not ignore it</title>
            <meta>
                <summary>New Western Movies Full Length 2018 - If You Love Movies Western You Can Not Ignore It https://youtu.be/4esz4nNXdO4. </summary>
            </meta>
            <link>https://www.youtube.com/watch?v=4esz4nNXdO4</link>
            <thumbnail>https://i.ytimg.com/vi/4esz4nNXdO4/default.jpg</thumbnail>
        </item>

        <item>
            <title>new western movies full length 2018 - new movies coming out</title>
            <meta>
                <summary>New Western Movies Full Length 2018 - New Movies Coming Out https://youtu.be/QMOzC6tImDs. </summary>
            </meta>
            <link>https://www.youtube.com/watch?v=QMOzC6tImDs</link>
            <thumbnail>https://i.ytimg.com/vi/QMOzC6tImDs/default.jpg</thumbnail>
        </item>

        <item>
            <title>new western movies full length 2018 - best western movies out theater must watch</title>
            <meta>
                <summary>New Western Movies Full Length 2018 - Best Western Movies Out Theater Must Watch https://youtu.be/9Xpe809VOE4. </summary>
            </meta>
            <link>https://www.youtube.com/watch?v=9Xpe809VOE4</link>
            <thumbnail>https://i.ytimg.com/vi/9Xpe809VOE4/default.jpg</thumbnail>
        </item>

        <item>
            <title>new western movies full length 2018 - awesome movies that you've probably never seen</title>
            <meta>
                <summary>New Western Movies Full Length 2018 - Awesome Movies That You've Probably Never Seen https://youtu.be/LU7XdA4e50I. </summary>
            </meta>
            <link>https://www.youtube.com/watch?v=LU7XdA4e50I</link>
            <thumbnail>https://i.ytimg.com/vi/LU7XdA4e50I/default.jpg</thumbnail>
        </item>

        <item>
            <title>new western movies full length 2018 - awesome movies you never seen</title>
            <meta>
                <summary>New Western Movies Full Length 2018 - Awesome Movies You Never Seen https://youtu.be/F1CPHaSZfCs. </summary>
            </meta>
            <link>https://www.youtube.com/watch?v=F1CPHaSZfCs</link>
            <thumbnail>https://i.ytimg.com/vi/F1CPHaSZfCs/default.jpg</thumbnail>
        </item>

        <item>
            <title>new western movies full length 2018 - awesome movies you should watch</title>
            <meta>
                <summary>New Western Movies Full Length 2018 - Awesome Movies You Should Watch https://youtu.be/k7PYS4dwh7w. </summary>
            </meta>
            <link>https://www.youtube.com/watch?v=k7PYS4dwh7w</link>
            <thumbnail>https://i.ytimg.com/vi/k7PYS4dwh7w/default.jpg</thumbnail>
        </item>

        <item>
            <title>new western movies full length 2018 - awesome western movies of all time</title>
            <meta>
                <summary>New Western Movies Full Length 2018 - Awesome Western Movies Of All Time https://youtu.be/fHOE3K3JkOY. </summary>
            </meta>
            <link>https://www.youtube.com/watch?v=fHOE3K3JkOY</link>
            <thumbnail>https://i.ytimg.com/vi/fHOE3K3JkOY/default.jpg</thumbnail>
        </item>

        <item>
            <title>new western movies full length 2018 - awesome movies to watch this summer</title>
            <meta>
                <summary>New Western Movies Full Length 2018 - Awesome Movies To Watch This Summer https://youtu.be/4k8VaT6EQ9o. </summary>
            </meta>
            <link>https://www.youtube.com/watch?v=4k8VaT6EQ9o</link>
            <thumbnail>https://i.ytimg.com/vi/4k8VaT6EQ9o/default.jpg</thumbnail>
        </item>

        <item>
            <title>new western movies full length 2018 - fantastic movies you probably forgot existed</title>
            <meta>
                <summary>New Western Movies Full Length 2018 - Fantastic Movies You Probably Forgot Existed https://youtu.be/_GOY2uNEFi0. </summary>
            </meta>
            <link>https://www.youtube.com/watch?v=_GOY2uNEFi0</link>
            <thumbnail>https://i.ytimg.com/vi/_GOY2uNEFi0/default.jpg</thumbnail>
        </item>

        <item>
            <title>new western movies full length 2018 - great movies no one actually saw</title>
            <meta>
                <summary>New Western Movies Full Length 2018 - Great Movies No One Actually Saw https://youtu.be/8IjWXRqoy9w. </summary>
            </meta>
            <link>https://www.youtube.com/watch?v=8IjWXRqoy9w</link>
            <thumbnail>https://i.ytimg.com/vi/8IjWXRqoy9w/default.jpg</thumbnail>
        </item>

        <item>
            <title>new western movies full length 2018 - great movie one should not miss</title>
            <meta>
                <summary>New Western Movies Full Length 2018 - Great Movie One Should Not Miss https://youtu.be/v9L0cT4qeX4. </summary>
            </meta>
            <link>https://www.youtube.com/watch?v=v9L0cT4qeX4</link>
            <thumbnail>https://i.ytimg.com/vi/v9L0cT4qeX4/default.jpg</thumbnail>
        </item>

        <item>
            <title>new western movies full length 2018 - big movie you can't miss in 2018</title>
            <meta>
                <summary>New Western Movies Full Length 2018 - Big Movie You Can't Miss in 2018 https://youtu.be/H5O_wYYgi9I. </summary>
            </meta>
            <link>https://www.youtube.com/watch?v=H5O_wYYgi9I</link>
            <thumbnail>https://i.ytimg.com/vi/H5O_wYYgi9I/default.jpg</thumbnail>
        </item>

        <item>
            <title>western movies classic - awesome new movies nobody told you about</title>
            <meta>
                <summary>Western Movies Classic - Awesome New Movies Nobody Told You About https://youtu.be/5qtiQpQNFj4. </summary>
            </meta>
            <link>https://www.youtube.com/watch?v=5qtiQpQNFj4</link>
            <thumbnail>https://i.ytimg.com/vi/5qtiQpQNFj4/default.jpg</thumbnail>
        </item>

        <item>
            <title>old western cowboy movies - awesome western movies you probably forgot about</title>
            <meta>
                <summary>Old Western Cowboy Movies   - Awesome Western Movies You Probably Forgot About https://youtu.be/YRNzUojACxI. </summary>
            </meta>
            <link>https://www.youtube.com/watch?v=YRNzUojACxI</link>
            <thumbnail>https://i.ytimg.com/vi/YRNzUojACxI/default.jpg</thumbnail>
        </item>

        <item>
            <title>greatest western movies of all time - awesome movies that you've probably never seen</title>
            <meta>
                <summary>Greatest Western Movies Of All Time - Awesome Movies That You've Probably Never Seen https://youtu.be/EU_9tysnuaY. </summary>
            </meta>
            <link>https://www.youtube.com/watch?v=EU_9tysnuaY</link>
            <thumbnail>https://i.ytimg.com/vi/EU_9tysnuaY/default.jpg</thumbnail>
        </item>

        <item>
            <title>cowboy movies western - awesome western movies that nobody saw in 2018</title>
            <meta>
                <summary>Cowboy Movies Western - Awesome Western Movies That Nobody Saw In 2018 https://youtu.be/uW4vTUNt1OM. </summary>
            </meta>
            <link>https://www.youtube.com/watch?v=uW4vTUNt1OM</link>
            <thumbnail>https://i.ytimg.com/vi/uW4vTUNt1OM/default.jpg</thumbnail>
        </item>

        <item>
            <title>best western movies of all time - awesome movies to watch this summer</title>
            <meta>
                <summary>Best Western Movies Of All Time - Awesome Movies To Watch This Summer https://youtu.be/wIFVSkbgsK8. </summary>
            </meta>
            <link>https://www.youtube.com/watch?v=wIFVSkbgsK8</link>
            <thumbnail>https://i.ytimg.com/vi/wIFVSkbgsK8/default.jpg</thumbnail>
        </item>

        <item>
            <title>western movies full length -  best western movies of all time</title>
            <meta>
                <summary>Western Movies Full Length - Best Western Movies Of All Time. </summary>
            </meta>
            <link>https://www.youtube.com/watch?v=CaaCLOJnRw8</link>
            <thumbnail>https://i.ytimg.com/vi/CaaCLOJnRw8/default.jpg</thumbnail>
        </item>

        <item>
            <title>western movies full length  - cowboy movies - best western movies of all time</title>
            <meta>
                <summary>Western Movies Full Length - Cowboy Movies - Best Western Movies Of All Time. </summary>
            </meta>
            <link>https://www.youtube.com/watch?v=G8E7iH5kSkc</link>
            <thumbnail>https://i.ytimg.com/vi/G8E7iH5kSkc/default.jpg</thumbnail>
        </item>

        <item>
            <title>western movies full length  - awesome cowboy movies - best western movies of all time</title>
            <meta>
                <summary>Western Movies Full Length - Awesome Cowboy Movies - Best Western Movies Of All Time. </summary>
            </meta>
            <link>https://www.youtube.com/watch?v=Dgz9s7Xu-xg</link>
            <thumbnail>https://i.ytimg.com/vi/Dgz9s7Xu-xg/default.jpg</thumbnail>
        </item>

        <item>
            <title>western cowboy movies  - cowboy movies full english high rating must watch</title>
            <meta>
                <summary>Western Cowboy Movies - Cowboy Movies Full English High Rating Must Watch. </summary>
            </meta>
            <link>https://www.youtube.com/watch?v=iDMoLbocKsw</link>
            <thumbnail>https://i.ytimg.com/vi/iDMoLbocKsw/default.jpg</thumbnail>
        </item>

        <item>
            <title>western movies - awesome movies that you've probably never seen</title>
            <meta>
                <summary>Western Movies - Awesome Movies That You've Probably Never Seen. </summary>
            </meta>
            <link>https://www.youtube.com/watch?v=uz-hBR23KvQ</link>
            <thumbnail>https://i.ytimg.com/vi/uz-hBR23KvQ/default.jpg</thumbnail>
        </item>

        <item>
            <title>western movies 2017 - western movies full length free english</title>
            <meta>
                <summary>Western Movies 2017 - Western Movies Full Length Free English. </summary>
            </meta>
            <link>https://www.youtube.com/watch?v=uIPyQ5Z2JYg</link>
            <thumbnail>https://i.ytimg.com/vi/uIPyQ5Z2JYg/default.jpg</thumbnail>
        </item>

        <item>
            <title>western movies - awesome new movies nobody told you about</title>
            <meta>
                <summary>Western Movies - Awesome New Movies Nobody Told You About. </summary>
            </meta>
            <link>https://www.youtube.com/watch?v=hC6D2bVZHoI</link>
            <thumbnail>https://i.ytimg.com/vi/hC6D2bVZHoI/default.jpg</thumbnail>
        </item>

        <item>
            <title>western movies -  western movies that nobody saw in 2017</title>
            <meta>
                <summary>Western Movies - Western Movies That Nobody Saw In 2017. </summary>
            </meta>
            <link>https://www.youtube.com/watch?v=m_VaiOtmizA</link>
            <thumbnail>https://i.ytimg.com/vi/m_VaiOtmizA/default.jpg</thumbnail>
        </item>

        <item>
            <title>western movies into the west - western movies full length  2017</title>
            <meta>
                <summary>Western Movies Into The West - Western Movies Full Length 2017. </summary>
            </meta>
            <link>https://www.youtube.com/watch?v=3tLWS_rhZkI</link>
            <thumbnail>https://i.ytimg.com/vi/3tLWS_rhZkI/default.jpg</thumbnail>
        </item>

        <item>
            <title>western movies - big movie you can't miss in 2017</title>
            <meta>
                <summary>Western Movies - Big Movie You Can't Miss in 2017. </summary>
            </meta>
            <link>https://www.youtube.com/watch?v=10ZaBnDEd3o</link>
            <thumbnail>https://i.ytimg.com/vi/10ZaBnDEd3o/default.jpg</thumbnail>
        </item>

        <item>
            <title>western movies  - western films not to miss on youtube</title>
            <meta>
                <summary>Western Movies - Western Films Not To Miss On Youtube. </summary>
            </meta>
            <link>https://www.youtube.com/watch?v=8QS4p96z6kY</link>
            <thumbnail>https://i.ytimg.com/vi/8QS4p96z6kY/default.jpg</thumbnail>
        </item>

        <item>
            <title>western movies full length free  -  awesome new movies nobody told you about</title>
            <meta>
                <summary> </summary>
            </meta>
            <link>https://www.youtube.com/watch?v=EgsrU0QmcWo</link>
            <thumbnail>https://i.ytimg.com/vi/EgsrU0QmcWo/default.jpg</thumbnail>
        </item>

        <item>
            <title>western movies into the west - films not to miss on youtube</title>
            <meta>
                <summary> </summary>
            </meta>
            <link>https://www.youtube.com/watch?v=c63bPrRbxKM</link>
            <thumbnail>https://i.ytimg.com/vi/c63bPrRbxKM/default.jpg</thumbnail>
        </item>

        <item>
            <title>best western movies - if you love movies western you can not ignore it</title>
            <meta>
                <summary>Best Western Movies - If You Love Movies Western You Can Not Ignore It. </summary>
            </meta>
            <link>https://www.youtube.com/watch?v=zYe5pvYUvRo</link>
            <thumbnail>https://i.ytimg.com/vi/zYe5pvYUvRo/default.jpg</thumbnail>
        </item>

        <item>
            <title>big movie you can't miss in 2017 - movie not to miss</title>
            <meta>
                <summary>Big Movie You Can't Miss in 2017 - Movie Not To Miss https://youtu.be/zZpNsYBSX5A. </summary>
            </meta>
            <link>https://www.youtube.com/watch?v=zZpNsYBSX5A</link>
            <thumbnail>https://i.ytimg.com/vi/zZpNsYBSX5A/default.jpg</thumbnail>
        </item>

        <item>
            <title>old classic western movies full length  classic western movies - big movie you can't miss in 2017</title>
            <meta>
                <summary>Old Classic Western Movies Full Length  Classic Western Movies - Big Movie You Can't Miss in 2017. </summary>
            </meta>
            <link>https://www.youtube.com/watch?v=oVHibddJhp4</link>
            <thumbnail>https://i.ytimg.com/vi/oVHibddJhp4/default.jpg</thumbnail>
        </item>

        <item>
            <title>western movies 2017 english  new cowboy movies high rating</title>
            <meta>
                <summary> </summary>
            </meta>
            <link>https://www.youtube.com/watch?v=JVeHu3mSd2E</link>
            <thumbnail>https://i.ytimg.com/vi/JVeHu3mSd2E/default.jpg</thumbnail>
        </item>

        <item>
            <title>western movies 2017 english  new cowboy movies high rating</title>
            <meta>
                <summary> </summary>
            </meta>
            <link>https://www.youtube.com/watch?v=1HtrjljhXTU</link>
            <thumbnail>https://i.ytimg.com/vi/1HtrjljhXTU/default.jpg</thumbnail>
        </item>

        <item>
            <title>western movies 2017 english  new cowboy movies high rating</title>
            <meta>
                <summary>Thanks for watching !!! Subscribe for more movies !!! </summary>
            </meta>
            <link>https://www.youtube.com/watch?v=rqVQOZbLP24</link>
            <thumbnail>https://i.ytimg.com/vi/rqVQOZbLP24/default.jpg</thumbnail>
        </item>

        <item>
            <title>western movies full length free english   best western movies of all time</title>
            <meta>
                <summary> </summary>
            </meta>
            <link>https://www.youtube.com/watch?v=saAPlXeMjhE</link>
            <thumbnail>https://i.ytimg.com/vi/saAPlXeMjhE/default.jpg</thumbnail>
        </item>
    </westernlibrary>
</oregontrail>
