<?xml version="1.0" encoding="UTF-8" standalone="yes"?>
<addon id="plugin.video.tantrumtvchannel" name="Tantrum.TV Videos" version="1.0.3" provider-name="MuadDib">
    <requires>
        <import addon="xbmc.python" version="2.1.0"/>
        <import addon="script.module.addon.common" version="2.0.0"/>
        <import addon="plugin.video.youtube" version="5.5.0"/>
    </requires>
    <extension point="xbmc.python.pluginsource" library="default.py">
        <provides>video</provides>
    </extension>
    <extension point="xbmc.addon.metadata">
        <summary lang="en">Tantrum.TV Youtube Channel Content</summary>
        <description lang="en">This add-on is for various Tantrum.TV Playlists on Youtube. Here you will find helpful videos for using the Tantrum.TV Kodi Builds to watch what you want to watch without the high cable or sat bills.</description>
        <disclaimer lang="en">The author is not responsible for the use of this addon. The author is not responsible for the content found using this addon. The author does not host or own any content found within this addon.[CR]The author is in no way affiliated with Kodi, Team Kodi, or the XBMC Foundation.[CR]This is a Non-profit resource, organized solely for educational purposes which is protected under the Fair-Use doctrine of the Copyright Act, Specifically section 107, which does promote freedom of expression, by permitting the unlicensed use of copyright-protected works.</disclaimer>
		<platform>all</platform>
		<license>Beerware rev. 42</license>
        <forum>https://www.facebook.com/groups/1709673909327662</forum>
        <website>http://www.tantrumtv.com</website>
    </extension>
</addon>
