<?xml version="1.0" encoding="UTF-8" standalone="yes"?>
<addon id="plugin.video.atreides" version="0.6.0" name="Atreides" provider-name="69 Death Squad">
	<requires>
		<import addon="xbmc.python" version="2.19.0" />
		<import addon="script.module.atreides" />
		<import addon="script.atreides.artwork" />
		<import addon="script.atreides.metadata" />
		<import addon="script.module.resolveurl" />
		<import addon="script.module.requests" />
		<import addon="script.module.metahandler" />
		<import addon="plugin.video.youtube"/>
	</requires>
	<extension point="xbmc.python.pluginsource" library="default.py">
		<provides>video</provides>
		<provides>audio</provides>
	</extension>
    <extension point="xbmc.service" library="service.py" start="[login|startup]" />
	<extension point="xbmc.addon.metadata">
		<summary lang="en">Atreides</summary>
		<description>Placenta Fork from the originators of Placenta. The next step in evolution.</description>
		<disclaimer lang="en">The author is not responsible for the use of this addon. The author is not responsible for the content found using this addon. The author does not host or own any content found within this addon.
The author is in no way affiliated with Kodi, Team Kodi, or the XBMC Foundation.
This is a Non-profit resource, organized solely for educational purposes which is protected under the Fair-Use doctrine of the Copyright Act, Specifically section 107, which does promote freedom of expression, by permitting the unlicensed use of copyright-protected works.
		</disclaimer>
		<platform>all</platform>
		<license>Beerware rev. 42</license>
		<assets>
			<icon>icon.png</icon>
			<fanart>fanart.jpg</fanart>
			<screenshot>resources/screenshots/screenshot-01.jpg</screenshot>
			<screenshot>resources/screenshots/screenshot-02.jpg</screenshot>
			<screenshot>resources/screenshots/screenshot-03.jpg</screenshot>
			<screenshot>resources/screenshots/screenshot-04.jpg</screenshot>
		</assets>
		<news></news>
	</extension>
</addon>
